{"cameraMode":{"drawMode":0,"name":"Shaded","section":"Shading Mode"},"sceneLighting":false,"audioPlay":false,"sceneViewState":{"showFog":true,"showMaterialUpdate":false,"showSkybox":true,"showFlares":true,"showImageEffects":true,"showParticleSystems":true},"in2DMode":false,"pivot":{"x":7.229006290435791,"y":7.116015434265137,"z":0.5044517517089844},"rotation":{"x":0.1261996626853943,"y":-0.25066354870796206,"z":0.03297749161720276,"w":0.9592465758323669},"size":7.38332986831665,"orthographic":false}