{"cameraMode":{"drawMode":0,"name":"Shaded","section":"Shading Mode"},"sceneLighting":false,"audioPlay":false,"sceneViewState":{"showFog":true,"showMaterialUpdate":false,"showSkybox":true,"showFlares":true,"showImageEffects":true,"showParticleSystems":true},"in2DMode":false,"pivot":{"x":7.109339714050293,"y":7.199356555938721,"z":0.40551573038101199},"rotation":{"x":0.12029913812875748,"y":-0.25517454743385317,"z":0.03201456740498543,"w":0.9588478207588196},"size":6.430764675140381,"orthographic":false}